<?xml version="1.0" encoding="UTF-8"?>
<Configuration status="WARN">
	<Properties>
	<Property name="basePath">./logs</Property>
	</Properties>
	
<!-- Appenders tag sprecifies where to log -->	
  <Appenders>
	   <RollingFile name="logFile" fileName="${basePath}/logFile.log" filePattern="${basePath}/prints-%d{yyyy-MM-dd}.log">
	      <PatternLayout pattern="%d{HH:mm:ss.SSS} [%t] %-5level %logger{36} - %msg%n"/>
	      <SizeBasedTriggeringPolicy size="500" />
	   </RollingFile>
    <Console name="Console" target="SYSTEM_OUT">
      <PatternLayout pattern="%d{HH:mm:ss.SSS} [%t] %-5level %logger{36} - %msg%n"/>
    </Console>
  </Appenders>
  
  <Loggers>
	  <Logger name="com.LiveBanking.testcases.BaseClass" level="trace" additivity="false" >
	      <AppenderRef ref="logFile"/>
	  </Logger>
	<!-- Root tag of Loggers specifies what to log -->	
    <Root level="trace">
      <AppenderRef ref="logFile"/><!-- referring Appenders tag to log into log file -->	
    </Root>
  </Loggers>
      
</Configuration>